loss,delay,mtu,metric,n_a,n_b,med_a,med_b,mean_a,mean_b,U,p_mwu,cliffs,hedges_g,dmed_lo,dmed_hi,p_perm,p_wilcoxon_paired,p_holm,p_holm_global
0,0,576,cl_ch_bytes,30,30,217.0,1393.0,217.0,1393.0,0.0,1.685298194892643e-14,-1.0,,-1176.0,-1176.0,0.7918416316736653,4.320463057827488e-08,2.1908876533604358e-13,2.5279472923389646e-12
0,0,1280,cl_ch_bytes,30,30,217.0,1393.0,217.0,1393.0,0.0,1.685298194892643e-14,-1.0,,-1176.0,-1176.0,0.7916416716656669,4.320463057827488e-08,2.1908876533604358e-13,2.5279472923389646e-12
0,0,1500,cl_ch_bytes,30,30,217.0,1393.0,217.0,1393.0,0.0,1.685298194892643e-14,-1.0,,-1176.0,-1176.0,0.8030393921215757,4.320463057827488e-08,2.1908876533604358e-13,2.5279472923389646e-12
0,50,1280,cl_ch_bytes,30,30,217.0,1393.0,217.0,1393.0,0.0,1.685298194892643e-14,-1.0,,-1176.0,-1176.0,0.8046390721855629,4.320463057827488e-08,2.1908876533604358e-13,2.5279472923389646e-12
0,50,1500,cl_ch_bytes,30,30,217.0,1393.0,217.0,1393.0,0.0,1.685298194892643e-14,-1.0,,-1176.0,-1176.0,0.7930413917216557,4.320463057827488e-08,2.1908876533604358e-13,2.5279472923389646e-12
1,0,1280,cl_ch_bytes,30,30,217.0,1393.0,217.0,1393.0,0.0,1.685298194892643e-14,-1.0,,-1176.0,-1176.0,0.7898420315936813,4.320463057827488e-08,2.1908876533604358e-13,2.5279472923389646e-12
1,0,1500,cl_ch_bytes,30,30,217.0,1393.0,217.0,1393.0,0.0,1.685298194892643e-14,-1.0,,-1176.0,-1176.0,0.7956408718256349,4.320463057827488e-08,2.1908876533604358e-13,2.5279472923389646e-12
1,50,1280,cl_ch_bytes,30,30,217.0,1393.0,217.0,1393.0,0.0,1.685298194892643e-14,-1.0,,-1176.0,-1176.0,0.7968406318736253,4.320463057827488e-08,2.1908876533604358e-13,2.5279472923389646e-12
1,50,1500,cl_ch_bytes,30,30,217.0,1393.0,217.0,1393.0,0.0,1.685298194892643e-14,-1.0,,-1176.0,-1176.0,0.8024395120975805,4.320463057827488e-08,2.1908876533604358e-13,2.5279472923389646e-12
3,0,1280,cl_ch_bytes,30,30,217.0,1393.0,217.0,1393.0,0.0,1.685298194892643e-14,-1.0,,-1176.0,-1176.0,0.7924415116976604,4.320463057827488e-08,2.1908876533604358e-13,2.5279472923389646e-12
3,0,1500,cl_ch_bytes,30,30,217.0,1393.0,217.0,1393.0,0.0,1.685298194892643e-14,-1.0,,-1176.0,-1176.0,0.7944411117776444,4.320463057827488e-08,2.1908876533604358e-13,2.5279472923389646e-12
3,50,1280,cl_ch_bytes,30,30,217.0,1393.0,217.0,1393.0,0.0,1.685298194892643e-14,-1.0,,-1176.0,-1176.0,0.7986402719456108,4.320463057827488e-08,2.1908876533604358e-13,2.5279472923389646e-12
3,50,1500,cl_ch_bytes,30,30,217.0,1393.0,217.0,1393.0,0.0,1.685298194892643e-14,-1.0,,-1176.0,-1176.0,0.7910417916416717,4.320463057827488e-08,2.1908876533604358e-13,2.5279472923389646e-12
0,0,576,cl_ch_nseg,30,30,1.0,1.0,1.0,1.0,,1.0,0.0,0.0,0.0,0.0,1.0,,1.0,1.0
0,0,1280,cl_ch_nseg,30,30,1.0,1.0,1.0,1.0,,1.0,0.0,0.0,0.0,0.0,1.0,,1.0,1.0
0,0,1500,cl_ch_nseg,30,30,1.0,1.0,1.0,1.0,,1.0,0.0,0.0,0.0,0.0,1.0,,1.0,1.0
0,50,1280,cl_ch_nseg,30,30,1.0,1.0,1.0,1.0,,1.0,0.0,0.0,0.0,0.0,1.0,,1.0,1.0
0,50,1500,cl_ch_nseg,30,30,1.0,1.0,1.0,1.0,,1.0,0.0,0.0,0.0,0.0,1.0,,1.0,1.0
1,0,1280,cl_ch_nseg,30,30,1.0,1.0,1.0,1.0,,1.0,0.0,0.0,0.0,0.0,1.0,,1.0,1.0
1,0,1500,cl_ch_nseg,30,30,1.0,1.0,1.0333333333333334,1.0333333333333334,450.0,1.0,0.0,0.0,0.0,0.0,1.0,1.0,1.0,1.0
1,50,1280,cl_ch_nseg,30,30,1.0,1.0,1.0,1.0,,1.0,0.0,0.0,0.0,0.0,1.0,,1.0,1.0
1,50,1500,cl_ch_nseg,30,30,1.0,1.0,1.0,1.0,,1.0,0.0,0.0,0.0,0.0,1.0,,1.0,1.0
3,0,1280,cl_ch_nseg,30,30,1.0,1.0,1.1,1.0,495.0,0.08140421643320045,0.1,0.4574619551834578,0.0,0.0,1.0,0.0832645166635504,1.0,1.0
3,0,1500,cl_ch_nseg,30,30,1.0,1.0,1.1,1.0333333333333334,480.0,0.3128168743080748,0.06666666666666667,0.26170371616234217,0.0,0.0,1.0,0.31731050786291415,1.0,1.0
3,50,1280,cl_ch_nseg,30,30,1.0,1.0,1.0,1.0666666666666667,435.0,0.33371069574356604,-0.03333333333333333,-0.25484565741278237,0.0,0.0,1.0,0.31731050786291415,1.0,1.0
3,50,1500,cl_ch_nseg,30,30,1.0,1.0,1.0,1.0333333333333334,435.0,0.33371069574356604,-0.03333333333333333,-0.2548456574127832,0.0,0.0,1.0,0.31731050786291415,1.0,1.0
0,0,576,cl_hs_novel_bytes,30,30,297.0,1473.0,297.0,1473.0,0.0,1.685298194892643e-14,-1.0,,-1176.0,-1176.0,0.790241951609678,4.320463057827488e-08,2.1908876533604358e-13,2.5279472923389646e-12
0,0,1280,cl_hs_novel_bytes,30,30,297.0,1473.0,297.0,1473.0,0.0,1.685298194892643e-14,-1.0,,-1176.0,-1176.0,0.8010397920415917,4.320463057827488e-08,2.1908876533604358e-13,2.5279472923389646e-12
0,0,1500,cl_hs_novel_bytes,30,30,297.0,1473.0,297.0,1473.0,0.0,1.685298194892643e-14,-1.0,,-1176.0,-1176.0,0.8016396720655868,4.320463057827488e-08,2.1908876533604358e-13,2.5279472923389646e-12
0,50,1280,cl_hs_novel_bytes,30,30,297.0,1473.0,297.0,1473.0,0.0,1.685298194892643e-14,-1.0,,-1176.0,-1176.0,0.7890421915616876,4.320463057827488e-08,2.1908876533604358e-13,2.5279472923389646e-12
0,50,1500,cl_hs_novel_bytes,30,30,297.0,1473.0,297.0,1473.0,0.0,1.685298194892643e-14,-1.0,,-1176.0,-1176.0,0.7930413917216557,4.320463057827488e-08,2.1908876533604358e-13,2.5279472923389646e-12
1,0,1280,cl_hs_novel_bytes,30,30,297.0,1473.0,297.0,1473.0,0.0,1.685298194892643e-14,-1.0,,-1176.0,-1176.0,0.7980403919216157,4.320463057827488e-08,2.1908876533604358e-13,2.5279472923389646e-12
1,0,1500,cl_hs_novel_bytes,30,30,297.0,1473.0,297.0,1473.0,0.0,1.685298194892643e-14,-1.0,,-1176.0,-1176.0,0.7864427114577085,4.320463057827488e-08,2.1908876533604358e-13,2.5279472923389646e-12
1,50,1280,cl_hs_novel_bytes,30,30,297.0,1473.0,297.0,1473.0,0.0,1.685298194892643e-14,-1.0,,-1176.0,-1176.0,0.8000399920015997,4.320463057827488e-08,2.1908876533604358e-13,2.5279472923389646e-12
1,50,1500,cl_hs_novel_bytes,30,30,297.0,1473.0,297.0,1473.0,0.0,1.685298194892643e-14,-1.0,,-1176.0,-1176.0,0.8028394321135773,4.320463057827488e-08,2.1908876533604358e-13,2.5279472923389646e-12
3,0,1280,cl_hs_novel_bytes,30,30,297.0,1473.0,297.0,1473.0,0.0,1.685298194892643e-14,-1.0,,-1176.0,-1176.0,0.7986402719456108,4.320463057827488e-08,2.1908876533604358e-13,2.5279472923389646e-12
3,0,1500,cl_hs_novel_bytes,30,30,297.0,1473.0,297.0,1473.0,0.0,1.685298194892643e-14,-1.0,,-1176.0,-1176.0,0.7896420715856829,4.320463057827488e-08,2.1908876533604358e-13,2.5279472923389646e-12
3,50,1280,cl_hs_novel_bytes,30,30,297.0,1473.0,297.0,1473.0,0.0,1.685298194892643e-14,-1.0,,-1176.0,-1176.0,0.7972405518896221,4.320463057827488e-08,2.1908876533604358e-13,2.5279472923389646e-12
3,50,1500,cl_hs_novel_bytes,30,30,297.0,1473.0,297.0,1473.0,0.0,1.685298194892643e-14,-1.0,,-1176.0,-1176.0,0.7940411917616477,4.320463057827488e-08,2.1908876533604358e-13,2.5279472923389646e-12
0,0,576,cl_proc,30,30,0.0008549690246582031,0.0009111166000366211,0.0009219487508138021,0.0009975035985310872,285.0,0.015014132798189755,-0.36666666666666664,-0.37626812083603123,-0.00012135505676269531,1.7881393432617188e-05,0.07678464307138572,0.10483990423381329,0.18016959357827705,0.9458903662859546
0,0,1280,cl_proc,30,30,0.0009685754776000977,0.0010093450546264648,0.0011030276616414388,0.0011791547139485678,395.0,0.4203863296078133,-0.12222222222222222,-0.20121162075039345,-0.000423431396484375,0.00032126903533935547,0.7924415116976604,0.3284698575735092,1.0,1.0
0,0,1500,cl_proc,30,30,0.0008671283721923828,0.0009618997573852539,0.000936285654703776,0.0010400692621866862,295.0,0.022360148062659704,-0.34444444444444444,-0.4340726286721759,-0.0001900196075439453,-1.4662742614746094e-05,0.038792241551689664,0.140283040702343,0.24596162868925675,1.0
0,50,1280,cl_proc,30,30,0.0012137889862060547,0.0013966560363769531,0.0013596534729003907,0.0015941381454467774,270.0,0.007956387203461925,-0.4,-0.6197483699709135,-0.000548243522644043,0.0001285076141357422,0.13557288542291543,0.044907208532094955,0.10343303364500503,0.5171651682250251
0,50,1500,cl_proc,30,30,0.001208186149597168,0.0013839006423950195,0.0014060338338216145,0.0015153090159098308,333.0,0.0849953657000954,-0.26,-0.279641863115356,-0.00035250186920166016,9.822845458984375e-05,0.10157968406318736,0.22064675763249397,0.8235717088238615,1.0
1,0,1280,cl_proc,30,30,0.0008525848388671875,0.0009255409240722656,0.00095671812693278,0.0010032256444295247,353.0,0.15364437233237319,-0.21555555555555556,-0.21595285174419274,-0.0001500844955444336,2.014636993408203e-05,0.07198560287942411,0.46454504504799843,1.0,1.0
1,0,1500,cl_proc,30,30,0.0010957717895507812,0.0009553432464599609,0.0011228640874226888,0.0010672887166341147,460.0,0.8883013005180707,0.022222222222222223,0.1360812243705699,-0.00029624998569488525,0.00034439563751220703,0.5882823435312937,0.8235769439488649,1.0,1.0
1,50,1280,cl_proc,30,30,0.001355886459350586,0.001390695571899414,0.0014369805653889974,0.0015263716379801432,362.0,0.19579075835119908,-0.19555555555555557,-0.25995447777951475,-0.0003596723079681396,0.00021183490753173828,0.7004599080183963,0.28936620615422726,1.0,1.0
1,50,1500,cl_proc,30,30,0.0012575387954711914,0.0012563467025756836,0.0013951460520426433,0.0014518102010091145,364.0,0.20620548705301323,-0.19111111111111112,-0.1721963223438967,-0.0002765685319900513,0.00025895237922668414,0.9904019196160768,0.4161298982799053,1.0,1.0
3,0,1280,cl_proc,30,30,0.0008944272994995117,0.0009149312973022461,0.0009602944056193034,0.0009750763575236003,399.0,0.4552969069031376,-0.11333333333333333,-0.08282080749407437,-0.00012242794036865234,6.318092346191406e-05,0.5996800639872025,0.5561132747679949,1.0,1.0
3,0,1500,cl_proc,30,30,0.001006007194519043,0.0010925531387329102,0.001101080576578776,0.0011888583501180013,358.5,0.1784956419200312,-0.20333333333333334,-0.2696017129481223,-0.00036132335662841797,0.00015342235565185547,0.4851029794041192,0.17059839516878128,1.0,1.0
3,50,1280,cl_proc,30,30,0.0012406110763549805,0.0014928579330444336,0.0013828674952189128,0.0015369176864624024,332.0,0.08235717088238616,-0.26222222222222225,-0.4099565396385421,-0.00046170055866241456,0.00018489360809326172,0.20695860827834434,0.052263347432017326,0.8235717088238615,1.0
3,50,1500,cl_proc,30,30,0.001308441162109375,0.0013179779052734375,0.0014656543731689452,0.0014621655146280924,410.0,0.5592305357919067,-0.08888888888888889,0.009747221942853096,-0.00025141239166259766,0.0003706216812133789,0.9062187562487503,0.8078304156661034,1.0,1.0
0,0,576,flow_dur,30,30,0.0018442869186401367,0.0020924806594848633,0.002031278610229492,0.002307748794555664,258.0,0.004637118106215593,-0.4266666666666667,-0.6628056451009147,-0.00041687488555908203,5.555152893066406e-05,0.0023995200959808036,0.036434996873140335,0.041734062955940336,0.3106869131164447
0,0,1280,flow_dur,30,30,0.002253890037536621,0.0025784969329833984,0.0024527708689371743,0.002681247393290202,368.0,0.22822360389893248,-0.18222222222222223,-0.33444418375692025,-0.0008418589830398559,0.0005090922117233266,0.5200959808038392,0.17719271034002304,0.9128944155957299,1.0
0,0,1500,flow_dur,30,30,0.0018428564071655273,0.002125978469848633,0.0020414352416992187,0.002333807945251465,222.5,0.000790467798022063,-0.5055555555555555,-0.6251307491369803,-0.0005381107330322266,-7.449388504028338e-05,0.009198160367926415,0.044907208532094955,0.008695145778242694,0.05691368145758854
0,50,1280,flow_dur,30,30,0.4034208059310913,0.4039764404296875,0.4035078525543213,0.4040746291478475,145.0,6.7362128931226e-06,-0.6777777777777778,-1.277984215101526,-0.001027226448059082,-0.00036036074161529554,0.0001999600079984003,5.144625902175903e-06,8.75707676105938e-05,0.0005321608185566854
0,50,1500,flow_dur,30,30,0.4034121036529541,0.403886079788208,0.4035479227701823,0.40401862462361654,215.0,0.0005264041831877983,-0.5222222222222223,-0.9612672110393211,-0.0008336305618286133,-0.00014269351959228516,0.0001999600079984003,1.3966113328933716e-05,0.00631685019825358,0.03895390955589707
1,0,1280,flow_dur,30,30,0.0018875598907470703,0.002174854278564453,0.04561507701873779,0.009203489621480305,317.0,0.050120239262001376,-0.29555555555555557,0.2571554074367946,-0.0004760116338729858,0.00017619729042053214,0.07218556288742252,0.5561132747679949,0.3050848344307281,1.0
1,0,1500,flow_dur,30,30,0.0025615692138671875,0.002321958541870117,0.1064866065979004,0.02111499309539795,507.0,0.40353753915408586,0.12666666666666668,0.43446492363578865,-0.00025328397750854485,0.001109004020690918,0.34093181363727254,0.3492113798856735,1.0,1.0
1,50,1280,flow_dur,30,30,0.40367841720581055,0.40405189990997314,0.46580398082733154,0.4644844849904378,278.0,0.01122776446668884,-0.38222222222222224,0.006794221612506945,-0.0009580850601196289,-9.298324584960938e-06,0.0065986802639472104,0.026228994131088257,0.08982211573351072,0.7185769258680857
1,50,1500,flow_dur,30,30,0.4037601947784424,0.4039973020553589,0.43445354302724204,0.47622867425282794,334.0,0.08771037748098136,-0.2577777777777778,-0.25695642238237976,-0.0007042884826660156,0.00017058849334716797,0.2391521695660868,0.05768792890012264,0.4385518874049068,1.0
3,0,1280,flow_dur,30,30,0.002022385597229004,0.002506852149963379,0.09008898735046386,0.15328883330027263,313.0,0.0435835477758183,-0.30444444444444446,-0.22102802426806112,-0.0011355876922607422,0.00020694732666015625,0.124375124975005,0.2988441474735737,0.3050848344307281,1.0
3,0,1500,flow_dur,30,30,0.003462672233581543,0.0029096603393554688,0.1969732681910197,0.10012945334116617,463.0,0.8533817367547931,0.028888888888888888,0.3208962318998323,-0.0007588863372802734,0.20337581634521484,0.3193361327734453,0.24494642950594425,1.0,1.0
3,50,1280,flow_dur,30,30,0.40353691577911377,0.40493249893188477,0.6267179489135742,0.5725161552429199,255.5,0.004127905058295328,-0.43222222222222223,0.11881366302042463,-0.13246536254882812,-0.0006519556045532227,0.10517896420715857,0.2988441474735737,0.04127905058295328,0.2806975439640823
3,50,1500,flow_dur,30,30,0.5175672769546509,0.4041585922241211,0.6756352345148723,0.5946246385574341,472.0,0.7505872315223063,0.04888888888888889,0.21165448027364983,-0.017591476440429688,0.21510004997253418,0.1863627274545091,0.7000329215079546,1.0,1.0
0,0,576,hs_rtt,30,30,0.001203775405883789,0.0013719797134399414,0.001324645678202311,0.0015843311945597331,212.0,0.0004459191206574567,-0.5288888888888889,-0.7225816229252117,-0.0003203153610229492,-4.791617393493661e-05,0.0027994401119776045,0.012047622352838516,0.005351029447889481,0.03344393404930925
0,0,1280,hs_rtt,30,30,0.0014653205871582031,0.0015370845794677734,0.001590410868326823,0.0017470280329386393,346.0,0.12597019317097233,-0.2311111111111111,-0.33939233906526317,-0.0005953311920166016,0.0003307014703750608,0.7594481103779244,0.13473508320748806,0.8317214113830795,1.0
0,0,1500,hs_rtt,30,30,0.001207590103149414,0.0014181137084960938,0.0013475815455118816,0.0015699466069539387,216.0,0.0005561109783724005,-0.52,-0.5790067321290898,-0.0003337860107421875,-7.832050323486328e-05,0.006998600279944011,0.03841841779649258,0.0061172207620964055,0.040596101421185235
0,50,1280,hs_rtt,30,30,0.10185706615447998,0.1022789478302002,0.10187764167785644,0.10227959156036377,223.0,0.0008119975751686967,-0.5044444444444445,-0.9615388502320015,-0.0007352828979492188,-5.0774216651916634e-05,0.0009998000399920016,0.0014574769884347916,0.008119975751686968,0.05765182783697746
0,50,1500,hs_rtt,30,30,0.10179436206817627,0.1020040512084961,0.10193640391031901,0.1021720806757609,289.0,0.017649028129173842,-0.35777777777777775,-0.5225264233438346,-0.0006498098373413086,2.849102020263672e-05,0.10797840431913618,0.02084985189139843,0.1465632805330557,1.0
1,0,1280,hs_rtt,30,30,0.001253366470336914,0.0013762712478637695,0.00285338560740153,0.0015375137329101563,287.0,0.0162848089481173,-0.3622222222222222,0.22662624046094346,-0.00025440454483032225,4.088878631591797e-05,0.038792241551689664,0.2988441474735737,0.1465632805330557,1.0
1,0,1500,hs_rtt,30,30,0.0016037225723266602,0.0014683008193969727,0.01531236171722412,0.020166627566019692,417.0,0.6308715465668054,-0.07333333333333333,-0.08732220438754836,-0.00031757354736328125,0.0003743171691894531,0.6578684263147371,0.8078304156661034,1.0,1.0
1,50,1280,hs_rtt,30,30,0.10198330879211426,0.10213196277618408,0.11386591593424479,0.10218683083852133,385.0,0.34028846509891686,-0.14444444444444443,0.2868428912351583,-0.000385284423828125,0.00021482706069946272,0.483503299340132,0.31839608028531075,1.0,1.0
1,50,1500,hs_rtt,30,30,0.10201799869537354,0.10191798210144043,0.10491709709167481,0.10663653214772542,396.0,0.4289633888604326,-0.12,-0.08773615573608744,-0.0004221200942993164,0.00032711029052734375,0.6690661867626475,0.3284698575735092,1.0,1.0
3,0,1280,hs_rtt,30,30,0.0012698173522949219,0.0013887882232666016,0.02848522663116455,0.006449762980143229,369.0,0.2339889162810581,-0.18,0.4095974670334002,-0.0002873033285140991,4.839897155761719e-05,0.09038192361527694,0.7456546742469072,1.0,1.0
3,0,1500,hs_rtt,30,30,0.0014851093292236328,0.0017113685607910156,0.05034035046895345,0.00860897699991862,395.0,0.4203863296078133,-0.12222222222222222,0.5143920946475548,-0.0005231142044067383,0.0003199577331542969,0.23895220955808838,0.7303419969975948,1.0,1.0
3,50,1280,hs_rtt,30,30,0.10195529460906982,0.10239958763122559,0.10190474987030029,0.1619546890258789,152.0,1.0903795377749867e-05,-0.6622222222222223,-0.6075442638616458,-0.0008759498596191406,-0.00022304058074951172,0.0001999600079984003,2.551823854446411e-07,0.00014174933991074827,0.0008504960394644897
3,50,1500,hs_rtt,30,30,0.10193049907684326,0.1020432710647583,0.1235858678817749,0.175518798828125,344.0,0.11881734448329707,-0.23555555555555555,-0.27731508887860756,-0.0005326300859451294,0.00017799437046051004,0.4201159768046391,0.09194962680339813,0.8317214113830795,1.0
0,0,576,retrans,30,30,0.0,0.0,0.0,0.0,,1.0,0.0,0.0,0.0,0.0,1.0,,1.0,1.0
0,0,1280,retrans,30,30,0.0,0.0,0.0,0.0,,1.0,0.0,0.0,0.0,0.0,1.0,,1.0,1.0
0,0,1500,retrans,30,30,0.0,0.0,0.0,0.0,,1.0,0.0,0.0,0.0,0.0,1.0,,1.0,1.0
0,50,1280,retrans,30,30,0.0,0.0,0.0,0.0,,1.0,0.0,0.0,0.0,0.0,1.0,,1.0,1.0
0,50,1500,retrans,30,30,0.0,0.0,0.0,0.0,,1.0,0.0,0.0,0.0,0.0,1.0,,1.0,1.0
1,0,1280,retrans,30,30,0.0,0.0,0.16666666666666666,0.06666666666666667,467.0,0.6107192744976533,0.03777777777777778,0.2373090186887901,0.0,0.0,1.0,0.25683925795785656,1.0,1.0
1,0,1500,retrans,30,30,0.0,0.0,0.3333333333333333,0.06666666666666667,528.0,0.0647535405626141,0.17333333333333334,0.525802902196051,0.0,0.0,1.0,0.04611349865213502,0.8417960273139834,1.0
1,50,1280,retrans,30,30,0.0,0.0,0.1,0.23333333333333334,405.5,0.24298062650223018,-0.09888888888888889,-0.2672267946353583,0.0,0.0,1.0,0.3401742745401122,1.0,1.0
1,50,1500,retrans,30,30,0.0,0.0,0.06666666666666667,0.13333333333333333,420.0,0.4013367239790896,-0.06666666666666667,-0.21699325818803933,0.0,0.0,1.0,0.4142161782425253,1.0,1.0
3,0,1280,retrans,30,30,0.0,0.0,0.4,0.43333333333333335,411.0,0.471653141784227,-0.08666666666666667,-0.04143553233619662,-0.5,0.0,1.0,0.5923536182363717,1.0,1.0
3,0,1500,retrans,30,30,0.0,0.0,0.5333333333333333,0.43333333333333335,462.0,0.833252459951365,0.02666666666666667,0.11763307419003187,0.0,0.0,1.0,0.6227340349356792,1.0,1.0
3,50,1280,retrans,30,30,0.0,0.0,0.26666666666666666,0.36666666666666664,428.5,0.6813845574564061,-0.04777777777777778,-0.16468630386604463,0.0,0.0,1.0,0.5272036625486329,1.0,1.0
3,50,1500,retrans,30,30,0.0,0.0,0.6333333333333333,0.3,545.5,0.09764979241243643,0.21222222222222223,0.44809986940385166,0.0,1.0,1.0,0.12761796856030955,1.0,1.0
0,0,576,rtt_ch_to_sv1,30,30,0.0003559589385986328,0.00045990943908691406,0.00040044784545898435,0.0005833228429158528,124.0,1.4913048874401578e-06,-0.7244444444444444,-0.9284167299336649,-0.00017750561237335206,-6.519258022308371e-05,0.0001999600079984003,0.000306387109293369,1.7895658649281895e-05,0.00011930439099521261
0,0,1280,rtt_ch_to_sv1,30,30,0.00048232078552246094,0.0005757808685302734,0.0004873832066853841,0.0005654652913411458,295.0,0.022360148062659704,-0.34444444444444444,-0.6457939064537246,-0.0001671314239501953,4.6253204345703125e-05,0.14757048590281943,0.009301122277975082,0.13416088837595821,1.0
0,0,1500,rtt_ch_to_sv1,30,30,0.0003478527069091797,0.00043964385986328125,0.00041129589080810545,0.0005275328954060872,177.0,5.605944956136587e-05,-0.6066666666666667,-0.7317012834766757,-0.00017321407794952394,-6.377696990966797e-05,0.004199160167966407,0.017453668639063835,0.0006166539451750246,0.004316577616225172
0,50,1280,rtt_ch_to_sv1,30,30,0.10043013095855713,0.10057973861694336,0.10051798820495605,0.10068352222442627,208.0,0.00035638379914234935,-0.5377777777777778,-0.7801716016914505,-0.0002148330211639404,-4.231631755828862e-05,0.0009998000399920016,0.0061949919909238815,0.0035638379914234935,0.02708516873481855
0,50,1500,rtt_ch_to_sv1,30,30,0.10044503211975098,0.10059833526611328,0.1005303700764974,0.10065457820892335,229.0,0.001114078553321491,-0.4911111111111111,-0.6420579010084005,-0.00026619434356689453,-1.633167266845703e-05,0.007198560287942412,0.00577649287879467,0.010026706979893418,0.07798549873250436
1,0,1280,rtt_ch_to_sv1,30,30,0.00037598609924316406,0.0004559755325317383,0.00189666748046875,0.000531927744547526,244.0,0.002379297287085772,-0.4577777777777778,0.2368630999509287,-0.00012433528900146484,-8.821487426757812e-06,0.0005998800239952009,0.03500413766710627,0.019034378296686177,0.16417151280891829
1,0,1500,rtt_ch_to_sv1,30,30,0.0005261898040771484,0.0006151199340820312,0.014189497629801432,0.0122956116994222,325.5,0.06675882824909223,-0.27666666666666667,0.038458648659147304,-0.000173458456993103,3.9577484130859375e-05,0.14777044591081784,0.04715590651322357,0.24992590241632656,1.0
1,50,1280,rtt_ch_to_sv1,30,30,0.10048544406890869,0.10056984424591064,0.1124289353688558,0.10065825780232747,303.0,0.030315129047669646,-0.32666666666666666,0.28874104793162403,-0.00023424625396728516,5.567967891693102e-05,0.052789442111577684,0.24937965121897676,0.15157564523834824,1.0
1,50,1500,rtt_ch_to_sv1,30,30,0.10050880908966064,0.10054433345794678,0.10352195103963216,0.1051823616027832,336.0,0.09333624572920625,-0.25333333333333335,-0.084524961880594,-0.00021076500415802003,0.00011324882507324219,0.668866226754649,0.370740607380867,0.24992590241632656,1.0
3,0,1280,rtt_ch_to_sv1,30,30,0.0003973245620727539,0.00048661231994628906,0.027524932225545248,0.005470593770345052,323.5,0.06248147560408164,-0.2811111111111111,0.4103823379143068,-0.0001360177993774414,3.0282139778137164e-05,0.04279144171165767,0.5978077705949545,0.24992590241632656,1.0
3,0,1500,rtt_ch_to_sv1,30,30,0.0005488395690917969,0.0005509853363037109,0.049239269892374676,0.0074158112208048505,404.5,0.5058532673846452,-0.10111111111111111,0.5164224883712747,-0.00014710724353790284,0.00011933147907257076,0.9802039592081584,0.9589890887069709,0.5058532673846452,1.0
3,50,1280,rtt_ch_to_sv1,30,30,0.10041642189025879,0.1008225679397583,0.10052188237508138,0.1469109296798706,112.0,6.045949421012782e-07,-0.7511111111111111,-0.5779926371350806,-0.0006265699863433838,-0.00022864341735839844,0.0003999200159968006,2.1619387288105737e-05,7.859734247316617e-06,4.957678525230481e-05
3,50,1500,rtt_ch_to_sv1,30,30,0.10045111179351807,0.10056066513061523,0.12212021350860595,0.13275280793507893,259.0,0.00485601639666783,-0.42444444444444446,-0.0996446808536572,-0.00035477280616760256,5.412101745605469e-05,0.11897620475904819,0.06056523136794567,0.03399211477667481,0.3204970821800768
0,0,576,sv_hs_bytes,30,30,767.0,1845.0,766.8,1845.1333333333334,0.0,1.1982778132772771e-11,-1.0,-1473.355664962571,-1079.0,-1078.0,0.020795840831833633,1.3572273052339653e-06,1.1234270157545779e-10,1.0784500319495494e-09
0,0,1280,sv_hs_bytes,30,30,767.0,1845.0,767.1333333333333,1844.7666666666667,0.0,8.879821766655407e-12,-1.0,-1625.512716593603,-1078.0,-1077.0,0.0003999200159968006,1.3203221253760307e-06,1.1234270157545779e-10,8.347032460656083e-10
0,0,1500,sv_hs_bytes,30,30,767.0,1845.0,766.8333333333334,1845.0666666666666,0.0,1.0121057726856751e-11,-1.0,-1530.7781238950993,-1079.0,-1078.0,0.029394121175764846,1.3229299989135496e-06,1.1234270157545779e-10,9.311373108708211e-10
0,50,1280,sv_hs_bytes,30,30,767.0,1845.0,766.8666666666667,1845.1666666666667,0.0,1.3198980681011604e-11,-1.0,-1441.1327584137036,-1079.0,-1078.0,0.02299540091981604,1.2757992372769343e-06,1.1234270157545779e-10,1.161510299929021e-09
0,50,1500,sv_hs_bytes,30,30,767.0,1845.0,767.0333333333333,1845.2333333333333,0.0,8.641746275035214e-12,-1.0,-1642.9917726094047,-1078.5,-1078.0,0.02979404119176165,8.912663424120765e-07,1.1234270157545779e-10,8.209658961283454e-10
1,0,1280,sv_hs_bytes,30,30,767.0,1845.0,766.7333333333333,1844.9666666666667,0.0,1.3522456905910175e-11,-1.0,-1414.4647531822748,-1079.0,-1078.0,0.003799240151969606,1.3168516670250696e-06,1.1234270157545779e-10,1.1764537508141852e-09
1,0,1500,sv_hs_bytes,30,30,767.0,1845.0,767.0333333333333,1844.8,0.0,9.200223174251463e-12,-1.0,-1537.44552979468,-1078.0,-1077.0,0.0001999600079984003,1.2791787454538272e-06,1.1234270157545779e-10,8.556207552053861e-10
1,50,1280,sv_hs_bytes,30,30,767.0,1845.0,767.1666666666666,1845.1,0.0,1.154299615711126e-11,-1.0,-1413.3539459826404,-1079.0,-1077.5,0.0007998400319936012,1.287660385506418e-06,1.1234270157545779e-10,1.0504126502971246e-09
1,50,1500,sv_hs_bytes,30,30,767.0,1845.0,766.9666666666667,1845.0666666666666,0.0,1.5745421836656878e-11,-1.0,-1300.4497473014508,-1079.0,-1077.5,0.0003999200159968006,1.4022855654509374e-06,1.1234270157545779e-10,1.306870012442521e-09
3,0,1280,sv_hs_bytes,30,30,767.0,1845.0,767.0,1844.8,0.0,1.3993143493272272e-11,-1.0,-1373.3632477974843,-1078.0,-1077.0,0.0001999600079984003,1.4114459298058703e-06,1.1234270157545779e-10,1.2034103404214154e-09
3,0,1500,sv_hs_bytes,30,30,767.0,1845.0,766.9333333333333,1845.1333333333334,0.0,1.486049713591614e-11,-1.0,-1363.4646608774647,-1079.0,-1078.0,0.004399120175964807,1.3724089251908482e-06,1.1234270157545779e-10,1.2482817594169559e-09
3,50,1280,sv_hs_bytes,30,30,767.0,1845.0,766.8333333333334,1845.1,0.0,1.4411221746354734e-11,-1.0,-1372.64372391341,-1079.0,-1078.0,0.008198360327934412,1.4031993548444937e-06,1.1234270157545779e-10,1.2249538484401524e-09
3,50,1500,sv_hs_bytes,30,30,767.0,1845.0,767.1666666666666,1845.1,0.0,1.2675554659488637e-11,-1.0,-1458.424327025128,-1078.0,-1077.0,0.0003999200159968006,1.3351572535195228e-06,1.1234270157545779e-10,1.1281243646944886e-09
0,0,576,sv_nseg,30,30,2.0,4.0,2.0,4.0,0.0,1.685298194892643e-14,-1.0,,-2.0,-2.0,0.7950409918016397,4.320463057827488e-08,2.1908876533604358e-13,2.5279472923389646e-12
0,0,1280,sv_nseg,30,30,1.0,2.0,1.0,2.0,0.0,1.685298194892643e-14,-1.0,,-1.0,-1.0,0.8076384723055389,4.320463057827488e-08,2.1908876533604358e-13,2.5279472923389646e-12
0,0,1500,sv_nseg,30,30,1.0,2.0,1.0,2.0,0.0,1.685298194892643e-14,-1.0,,-1.0,-1.0,0.8000399920015997,4.320463057827488e-08,2.1908876533604358e-13,2.5279472923389646e-12
0,50,1280,sv_nseg,30,30,1.0,2.0,1.0,2.0,0.0,1.685298194892643e-14,-1.0,,-1.0,-1.0,0.7894421115776845,4.320463057827488e-08,2.1908876533604358e-13,2.5279472923389646e-12
0,50,1500,sv_nseg,30,30,1.0,2.0,1.0,2.0,0.0,1.685298194892643e-14,-1.0,,-1.0,-1.0,0.8064387122575485,4.320463057827488e-08,2.1908876533604358e-13,2.5279472923389646e-12
1,0,1280,sv_nseg,30,30,1.0,2.0,1.0,2.0,0.0,1.685298194892643e-14,-1.0,,-1.0,-1.0,0.7880423915216956,4.320463057827488e-08,2.1908876533604358e-13,2.5279472923389646e-12
1,0,1500,sv_nseg,30,30,1.0,2.0,1.0,2.0,0.0,1.685298194892643e-14,-1.0,,-1.0,-1.0,0.7938412317536493,4.320463057827488e-08,2.1908876533604358e-13,2.5279472923389646e-12
1,50,1280,sv_nseg,30,30,1.0,2.0,1.0,2.0,0.0,1.685298194892643e-14,-1.0,,-1.0,-1.0,0.8012397520495901,4.320463057827488e-08,2.1908876533604358e-13,2.5279472923389646e-12
1,50,1500,sv_nseg,30,30,1.0,2.0,1.0,2.0,0.0,1.685298194892643e-14,-1.0,,-1.0,-1.0,0.7978404319136173,4.320463057827488e-08,2.1908876533604358e-13,2.5279472923389646e-12
3,0,1280,sv_nseg,30,30,1.0,2.0,1.0,2.0,0.0,1.685298194892643e-14,-1.0,,-1.0,-1.0,0.7998400319936013,4.320463057827488e-08,2.1908876533604358e-13,2.5279472923389646e-12
3,0,1500,sv_nseg,30,30,1.0,2.0,1.0,2.0,0.0,1.685298194892643e-14,-1.0,,-1.0,-1.0,0.7960407918416317,4.320463057827488e-08,2.1908876533604358e-13,2.5279472923389646e-12
3,50,1280,sv_nseg,30,30,1.0,2.0,1.0,2.0,0.0,1.685298194892643e-14,-1.0,,-1.0,-1.0,0.7926414717056589,4.320463057827488e-08,2.1908876533604358e-13,2.5279472923389646e-12
3,50,1500,sv_nseg,30,30,1.0,2.0,1.0,2.0,0.0,1.685298194892643e-14,-1.0,,-1.0,-1.0,0.7982403519296141,4.320463057827488e-08,2.1908876533604358e-13,2.5279472923389646e-12
0,0,576,sv_spread,30,30,1.9073486328125e-06,2.86102294921875e-06,2.2490819295247396e-06,3.5047531127929686e-06,121.0,1.0447954056917761e-06,-0.7311111111111112,-0.8391558671087018,-1.1920928955078125e-06,-4.76837158203125e-07,0.0001999600079984003,0.0005179901274056373,1.0447954056917761e-06,8.462842786103386e-05
0,0,1280,sv_spread,30,30,0.0,2.384185791015625e-06,0.0,2.408027648925781e-06,0.0,1.1359018929615508e-12,-1.0,-4.349326495780637,-2.6226043701171875e-06,-1.9073486328125e-06,0.0001999600079984003,1.6499569468532461e-06,1.3266781022534551e-11,1.1613007297848415e-10
0,0,1500,sv_spread,30,30,0.0,2.1457672119140625e-06,0.0,2.3444493611653647e-06,0.0,1.0955667262121147e-12,-1.0,-4.210607839932574,-2.384185791015625e-06,-1.9073486328125e-06,0.0003999200159968006,1.6044355164546501e-06,1.3266781022534551e-11,1.1613007297848415e-10
0,50,1280,sv_spread,30,30,0.0,1.430511474609375e-06,0.0,1.931190490722656e-06,0.0,1.1000827342390921e-12,-1.0,-2.2839086273793097,-1.9073486328125e-06,-1.1920928955078125e-06,0.0001999600079984003,1.6095549266126638e-06,1.3266781022534551e-11,1.1613007297848415e-10
0,50,1500,sv_spread,30,30,0.0,1.9073486328125e-06,0.0,2.193450927734375e-06,0.0,1.0973710715834935e-12,-1.0,-1.9476081855514216,-1.9073486328125e-06,-1.6689300537109375e-06,0.0001999600079984003,1.6064816445967278e-06,1.3266781022534551e-11,1.1613007297848415e-10
1,0,1280,sv_spread,30,30,0.0,1.7881393432617188e-06,0.0,2.360343933105469e-06,0.0,1.0205216171180424e-12,-1.0,-1.3240911056760025,-2.0265579223632812e-06,-1.6689300537109375e-06,0.0001999600079984003,1.518489436616195e-06,1.3266781022534551e-11,1.0919581303163054e-10
1,0,1500,sv_spread,30,30,0.0,2.6226043701171875e-06,0.0,0.006803727149963379,0.0,1.155632106887552e-12,-1.0,-0.25494454590060917,-2.9802322387695312e-06,-2.384185791015625e-06,0.0003999200159968006,1.6720605779929798e-06,1.3266781022534551e-11,1.1613007297848415e-10
1,50,1280,sv_spread,30,30,0.0,1.430511474609375e-06,0.0,2.201398213704427e-06,0.0,1.1174007589625414e-12,-1.0,-1.9374031464752015,-2.5033950805664062e-06,-1.1920928955078125e-06,0.0001999600079984003,1.6291333971178228e-06,1.3266781022534551e-11,1.1613007297848415e-10
1,50,1500,sv_spread,30,30,0.0,1.9073486328125e-06,0.0,2.360343933105469e-06,0.0,1.1119049085438845e-12,-1.0,-2.0415432787690073,-2.1457672119140625e-06,-1.6689300537109375e-06,0.0007998400319936012,1.6229293364132389e-06,1.3266781022534551e-11,1.1613007297848415e-10
3,0,1280,sv_spread,30,30,0.0,2.1457672119140625e-06,0.0,4.092852274576823e-06,0.0,1.1201580780943383e-12,-1.0,-0.5627987980614613,-2.384185791015625e-06,-1.7881393432617188e-06,0.0001999600079984003,1.6322428529318053e-06,1.3266781022534551e-11,1.1613007297848415e-10
3,0,1500,sv_spread,30,30,0.0,2.86102294921875e-06,0.0,4.307428995768229e-06,0.0,1.1882480863660846e-12,-1.0,-0.7867238376451265,-3.337860107421875e-06,-2.2649765014648438e-06,0.0001999600079984003,1.7083716990437344e-06,1.3266781022534551e-11,1.1613007297848415e-10
3,50,1280,sv_spread,30,30,0.0,1.9073486328125e-06,0.0,0.013506841659545899,0.0,1.1863062247097352e-12,-1.0,-0.32501746363608297,-2.9802322387695312e-06,-1.6689300537109375e-06,0.0001999600079984003,1.7062176754796548e-06,1.3266781022534551e-11,1.1613007297848415e-10
3,50,1500,sv_spread,30,30,0.0,1.7881393432617188e-06,0.0,0.041303825378417966,0.0,1.1183191683684694e-12,-1.0,-0.32604776965439725,-2.6226043701171875e-06,-1.430511474609375e-06,0.0001999600079984003,1.6301693318195932e-06,1.3266781022534551e-11,1.1613007297848415e-10
0,0,576,wire_cl_nseg,30,30,1.0,3.0,1.0,3.0,0.0,1.685298194892643e-14,-1.0,,-2.0,-2.0,0.8022395520895821,4.320463057827488e-08,1.1797087364248501e-13,2.5279472923389646e-12
0,0,1280,wire_cl_nseg,30,30,1.0,2.0,1.0,2.0,0.0,1.685298194892643e-14,-1.0,,-1.0,-1.0,0.7888422315536893,4.320463057827488e-08,1.1797087364248501e-13,2.5279472923389646e-12
0,0,1500,wire_cl_nseg,30,30,1.0,1.0,1.0,1.0,,1.0,0.0,0.0,0.0,0.0,1.0,,1.0,1.0
1,0,1280,wire_cl_nseg,30,30,1.0,2.0,1.0,2.0,0.0,1.685298194892643e-14,-1.0,,-1.0,-1.0,0.7992401519696061,4.320463057827488e-08,1.1797087364248501e-13,2.5279472923389646e-12
1,0,1500,wire_cl_nseg,30,30,1.0,1.0,1.0,1.0,,1.0,0.0,0.0,0.0,0.0,1.0,,1.0,1.0
3,0,1280,wire_cl_nseg,29,27,1.0,2.0,1.0,2.0,0.0,1.2945459648332298e-13,-1.0,,-1.0,-1.0,0.7850429914017196,3.414173577297533e-07,5.178183859332919e-13,1.3981096420198882e-11
3,0,1500,wire_cl_nseg,27,30,1.0,1.0,1.0,1.0,,1.0,0.0,0.0,0.0,0.0,1.0,,1.0,1.0
