rep,group,t_ns_wall,exit_code
1,X25519,1790858043138905095,0
2,X25519,1790858043317219171,0
3,X25519,1790858043573339255,0
4,X25519,1790858043904999064,0
5,X25519,1790858044083618687,0
6,X25519,1790858044414961205,0
7,X25519,1790858044594369507,0
8,X25519,1790858044849136821,0
9,X25519,1790858045102906786,0
10,X25519,1790858045358753144,0
11,X25519,1790858045691809992,0
12,X25519,1790858045869818118,0
13,X25519,1790858046125308386,0
14,X25519,1790858046380487533,0
15,X25519,1790858046639049589,0
16,X25519,1790858046895226230,0
17,X25519,1790858047228462474,0
18,X25519,1790858047484901859,0
19,X25519,1790858047741302440,0
20,X25519,1790858047920064932,0
21,X25519,1790858048252128182,0
22,X25519,1790858048434440241,0
23,X25519,1790858048764493529,0
24,X25519,1790858048943762837,0
25,X25519,1790858049198942056,0
26,X25519,1790858049454257821,0
27,X25519,1790858049785802093,0
28,X25519,1790858050042809716,0
29,X25519,1790858050221621989,0
30,X25519,1790858050476226579,0
31,X25519,1790858050732911072,0
32,X25519,1790858051063765769,0
33,X25519,1790858051241976192,0
34,X25519,1790858051575460272,0
35,X25519,1790858051754495718,0
36,X25519,1790858052086225953,0
37,X25519,1790858052265305001,0
38,X25519,1790858052598482501,0
39,X25519,1790858052853418210,0
40,X25519,1790858053032162776,0
41,X25519,1790858053288625722,0
42,X25519,1790858053544256932,0
43,X25519,1790858053879413197,0
44,X25519,1790858054134262536,0
45,X25519,1790858054313575103,0
46,X25519,1790858054644860278,0
47,X25519,1790858054823410041,0
48,X25519,1790858055079149954,0
49,X25519,1790858055333635532,0
50,X25519,1790858055589258631,0
51,X25519,1790858055920745350,0
52,X25519,1790858056176297662,0
53,X25519,1790858056431392907,0
54,X25519,1790858056610349211,0
55,X25519,1790858056866278461,0
56,X25519,1790858057121794703,0
57,X25519,1790858057453361371,0
58,X25519,1790858057633059842,0
59,X25519,1790858057889267915,0
60,X25519,1790858058145548646,0
