idx,group,t_ns_wall,exit_code
1,X25519,1790827794338871475,0
2,X25519,1790827794958636251,0
3,X25519,1790827795528218132,0
4,X25519,1790827796093897876,0
5,X25519,1790827796671506193,0
6,X25519,1790827797243116298,0
7,X25519,1790827797817752662,0
8,X25519,1790827798393745397,0
9,X25519,1790827798966763733,0
10,X25519,1790827799535836603,0
11,X25519,1790827800108742912,0
12,X25519,1790827800680725933,0
13,X25519,1790827801252924745,0
14,X25519,1790827801820818096,0
15,X25519,1790827802398770999,0
16,X25519,1790827802971789764,0
17,X25519,1790827803646845882,0
18,X25519,1790827804217598340,0
19,X25519,1790827804793972536,0
20,X25519,1790827805366458586,0
21,X25519,1790827806068493510,0
22,X25519,1790827806637689778,0
23,X25519,1790827807207259664,0
24,X25519,1790827807775765992,0
25,X25519,1790827808346298428,0
26,X25519,1790827808917172024,0
27,X25519,1790827809485931993,0
28,X25519,1790827810053494704,0
29,X25519,1790827810754071044,0
30,X25519,1790827811324918879,0
