cell,group,mtu_b,clamp,icmp_policy,trial,rc,established
thr_820_X25519,X25519,820,off,drop,1,124,0
thr_820_X25519,X25519,820,off,drop,2,0,1
thr_820_X25519,X25519,820,off,drop,3,0,1
thr_820_X25519MLKEM768,X25519MLKEM768,820,off,drop,1,124,0
thr_820_X25519MLKEM768,X25519MLKEM768,820,off,drop,2,124,0
thr_820_X25519MLKEM768,X25519MLKEM768,820,off,drop,3,124,0
thr_1200_X25519,X25519,1200,off,drop,1,0,1
thr_1200_X25519,X25519,1200,off,drop,2,0,1
thr_1200_X25519,X25519,1200,off,drop,3,0,1
thr_1200_X25519MLKEM768,X25519MLKEM768,1200,off,drop,1,124,0
thr_1200_X25519MLKEM768,X25519MLKEM768,1200,off,drop,2,124,0
thr_1200_X25519MLKEM768,X25519MLKEM768,1200,off,drop,3,124,0
thr_1400_X25519,X25519,1400,off,drop,1,0,1
thr_1400_X25519,X25519,1400,off,drop,2,0,1
thr_1400_X25519,X25519,1400,off,drop,3,0,1
thr_1400_X25519MLKEM768,X25519MLKEM768,1400,off,drop,1,124,0
thr_1400_X25519MLKEM768,X25519MLKEM768,1400,off,drop,2,124,0
thr_1400_X25519MLKEM768,X25519MLKEM768,1400,off,drop,3,124,0
thr_1445_X25519,X25519,1445,off,drop,1,0,1
thr_1445_X25519,X25519,1445,off,drop,2,0,1
thr_1445_X25519,X25519,1445,off,drop,3,0,1
thr_1445_X25519MLKEM768,X25519MLKEM768,1445,off,drop,1,124,0
thr_1445_X25519MLKEM768,X25519MLKEM768,1445,off,drop,2,124,0
thr_1445_X25519MLKEM768,X25519MLKEM768,1445,off,drop,3,124,0
thr_1460_X25519,X25519,1460,off,drop,1,0,1
thr_1460_X25519,X25519,1460,off,drop,2,0,1
thr_1460_X25519,X25519,1460,off,drop,3,0,1
thr_1460_X25519MLKEM768,X25519MLKEM768,1460,off,drop,1,124,0
thr_1460_X25519MLKEM768,X25519MLKEM768,1460,off,drop,2,124,0
thr_1460_X25519MLKEM768,X25519MLKEM768,1460,off,drop,3,124,0
thr_1500_X25519,X25519,1500,off,drop,1,0,1
thr_1500_X25519,X25519,1500,off,drop,2,0,1
thr_1500_X25519,X25519,1500,off,drop,3,0,1
thr_1500_X25519MLKEM768,X25519MLKEM768,1500,off,drop,1,0,1
thr_1500_X25519MLKEM768,X25519MLKEM768,1500,off,drop,2,0,1
thr_1500_X25519MLKEM768,X25519MLKEM768,1500,off,drop,3,0,1
thr_1520_X25519,X25519,1520,off,drop,1,0,1
thr_1520_X25519,X25519,1520,off,drop,2,0,1
thr_1520_X25519,X25519,1520,off,drop,3,0,1
thr_1520_X25519MLKEM768,X25519MLKEM768,1520,off,drop,1,0,1
thr_1520_X25519MLKEM768,X25519MLKEM768,1520,off,drop,2,0,1
thr_1520_X25519MLKEM768,X25519MLKEM768,1520,off,drop,3,0,1
