cell,group,mtu,clamp,icmp_policy,trial,rc,elapsed_s,established
c1_hyb_1280_drop,X25519MLKEM768,1280,off,drop,1,124,8.678371707,0
c1_hyb_1280_drop,X25519MLKEM768,1280,off,drop,2,124,8.513524268,0
c1_hyb_1280_drop,X25519MLKEM768,1280,off,drop,3,124,8.527379957,0
c1_hyb_1280_drop,X25519MLKEM768,1280,off,drop,4,124,8.589589397,0
c1_hyb_1280_drop,X25519MLKEM768,1280,off,drop,5,124,8.519430942,0
c1_hyb_1280_drop,X25519MLKEM768,1280,off,drop,6,124,8.513434371,0
c2_hyb_1280_allow,X25519MLKEM768,1280,off,allow,1,0,.595319983,1
c2_hyb_1280_allow,X25519MLKEM768,1280,off,allow,2,0,.545163482,1
c2_hyb_1280_allow,X25519MLKEM768,1280,off,allow,3,0,.585765434,1
c2_hyb_1280_allow,X25519MLKEM768,1280,off,allow,4,0,.566592881,1
c2_hyb_1280_allow,X25519MLKEM768,1280,off,allow,5,0,.529156420,1
c2_hyb_1280_allow,X25519MLKEM768,1280,off,allow,6,0,.533521424,1
c3_x25519_1280_drop,X25519,1280,off,drop,1,0,.544976428,1
c3_x25519_1280_drop,X25519,1280,off,drop,2,0,.511395387,1
c3_x25519_1280_drop,X25519,1280,off,drop,3,0,.517789360,1
c3_x25519_1280_drop,X25519,1280,off,drop,4,0,.538848382,1
c3_x25519_1280_drop,X25519,1280,off,drop,5,0,.529913088,1
c3_x25519_1280_drop,X25519,1280,off,drop,6,0,.518935709,1
c4_x25519_1280_allow,X25519,1280,off,allow,1,0,.591021022,1
c4_x25519_1280_allow,X25519,1280,off,allow,2,0,.506236382,1
c4_x25519_1280_allow,X25519,1280,off,allow,3,0,.526118114,1
c4_x25519_1280_allow,X25519,1280,off,allow,4,0,.524593161,1
c4_x25519_1280_allow,X25519,1280,off,allow,5,0,.542875852,1
c4_x25519_1280_allow,X25519,1280,off,allow,6,0,.546267488,1
c5_hyb_1280_clampon_drop,X25519MLKEM768,1280,on,drop,1,0,.599564097,1
c5_hyb_1280_clampon_drop,X25519MLKEM768,1280,on,drop,2,0,.610437177,1
c5_hyb_1280_clampon_drop,X25519MLKEM768,1280,on,drop,3,0,.626250740,1
c5_hyb_1280_clampon_drop,X25519MLKEM768,1280,on,drop,4,0,.582153272,1
c5_hyb_1280_clampon_drop,X25519MLKEM768,1280,on,drop,5,0,.590483278,1
c5_hyb_1280_clampon_drop,X25519MLKEM768,1280,on,drop,6,0,.592311029,1
c6_hyb_1500_drop,X25519MLKEM768,1500,off,drop,1,0,.510765912,1
c6_hyb_1500_drop,X25519MLKEM768,1500,off,drop,2,0,.502901900,1
c6_hyb_1500_drop,X25519MLKEM768,1500,off,drop,3,0,.514668787,1
c6_hyb_1500_drop,X25519MLKEM768,1500,off,drop,4,0,.488111186,1
c6_hyb_1500_drop,X25519MLKEM768,1500,off,drop,5,0,.505324367,1
c6_hyb_1500_drop,X25519MLKEM768,1500,off,drop,6,0,.496418790,1
c7_x25519_1500_drop,X25519,1500,off,drop,1,0,.530009985,1
c7_x25519_1500_drop,X25519,1500,off,drop,2,0,.584838901,1
c7_x25519_1500_drop,X25519,1500,off,drop,3,0,.574048369,1
c7_x25519_1500_drop,X25519,1500,off,drop,4,0,.562848050,1
c7_x25519_1500_drop,X25519,1500,off,drop,5,0,.552010044,1
c7_x25519_1500_drop,X25519,1500,off,drop,6,0,.534117994,1
c8_hyb_576_drop,X25519MLKEM768,576,off,drop,1,124,8.570736530,0
c8_hyb_576_drop,X25519MLKEM768,576,off,drop,2,124,8.603947975,0
c8_hyb_576_drop,X25519MLKEM768,576,off,drop,3,124,8.520430685,0
c8_hyb_576_drop,X25519MLKEM768,576,off,drop,4,124,8.557711146,0
c8_hyb_576_drop,X25519MLKEM768,576,off,drop,5,124,8.620825900,0
c8_hyb_576_drop,X25519MLKEM768,576,off,drop,6,124,8.472377388,0
c9_x25519_576_drop,X25519,576,off,drop,1,124,8.602751814,0
c9_x25519_576_drop,X25519,576,off,drop,2,124,8.717172247,0
c9_x25519_576_drop,X25519,576,off,drop,3,124,8.628597430,0
c9_x25519_576_drop,X25519,576,off,drop,4,124,8.554462087,0
c9_x25519_576_drop,X25519,576,off,drop,5,124,8.528175315,0
c9_x25519_576_drop,X25519,576,off,drop,6,124,8.570594137,0
