rep,site,group,t_ns_wall,exit_code
1,site1,X25519,1790855883315572005,0
1,site1,X25519MLKEM768,1790855883359546678,0
1,site2,X25519,1790855883404174826,0
1,site2,X25519MLKEM768,1790855883446187494,0
1,site3,X25519,1790855883486929443,0
1,site3,X25519MLKEM768,1790855883530715666,0
1,site4,X25519,1790855883573984999,0
1,site4,X25519MLKEM768,1790855883617618108,0
1,site5,X25519,1790855883659751000,0
1,site5,X25519MLKEM768,1790855883703803017,0
1,site6,X25519,1790855883748413922,0
1,site6,X25519MLKEM768,1790855883797413950,0
2,site1,X25519,1790855883846078936,0
2,site1,X25519MLKEM768,1790855883888372988,0
2,site2,X25519,1790855883931705368,0
2,site2,X25519MLKEM768,1790855883974120565,0
2,site3,X25519,1790855884015556382,0
2,site3,X25519MLKEM768,1790855884057189567,0
2,site4,X25519,1790855884099066965,0
2,site4,X25519MLKEM768,1790855884142860643,0
2,site5,X25519,1790855884184831155,0
2,site5,X25519MLKEM768,1790855884229690342,0
2,site6,X25519,1790855884276150623,0
2,site6,X25519MLKEM768,1790855884324955419,0
3,site1,X25519,1790855884372838523,0
3,site1,X25519MLKEM768,1790855884413878506,0
3,site2,X25519,1790855884455747790,0
3,site2,X25519MLKEM768,1790855884497455503,0
3,site3,X25519,1790855884540398461,0
3,site3,X25519MLKEM768,1790855884581439085,0
3,site4,X25519,1790855884623265378,0
3,site4,X25519MLKEM768,1790855884665289890,0
3,site5,X25519,1790855884707712521,0
3,site5,X25519MLKEM768,1790855884752532516,0
3,site6,X25519,1790855884796860055,0
3,site6,X25519MLKEM768,1790855884845308650,0
4,site1,X25519,1790855884893476423,0
4,site1,X25519MLKEM768,1790855884935240010,0
4,site2,X25519,1790855884978428784,0
4,site2,X25519MLKEM768,1790855885021166170,0
4,site3,X25519,1790855885063614119,0
4,site3,X25519MLKEM768,1790855885105464719,0
4,site4,X25519,1790855885148586529,0
4,site4,X25519MLKEM768,1790855885191434341,0
4,site5,X25519,1790855885234463099,0
4,site5,X25519MLKEM768,1790855885279607818,0
4,site6,X25519,1790855885325302127,0
4,site6,X25519MLKEM768,1790855885375493810,0
5,site1,X25519,1790855885425168864,0
5,site1,X25519MLKEM768,1790855885465689794,0
5,site2,X25519,1790855885507840009,0
5,site2,X25519MLKEM768,1790855885549123105,0
5,site3,X25519,1790855885592833098,0
5,site3,X25519MLKEM768,1790855885634204568,0
5,site4,X25519,1790855885676917468,0
5,site4,X25519MLKEM768,1790855885719425700,0
5,site5,X25519,1790855885764342184,0
5,site5,X25519MLKEM768,1790855885810029781,0
5,site6,X25519,1790855885856607942,0
5,site6,X25519MLKEM768,1790855885907043639,0
6,site1,X25519,1790855885958986786,0
6,site1,X25519MLKEM768,1790855885999788006,0
6,site2,X25519,1790855886041296380,0
6,site2,X25519MLKEM768,1790855886083275930,0
6,site3,X25519,1790855886125767651,0
6,site3,X25519MLKEM768,1790855886167394045,0
6,site4,X25519,1790855886210370055,0
6,site4,X25519MLKEM768,1790855886252587107,0
6,site5,X25519,1790855886295832658,0
6,site5,X25519MLKEM768,1790855886341340863,0
6,site6,X25519,1790855886386179483,0
6,site6,X25519MLKEM768,1790855886435468371,0
7,site1,X25519,1790855886484603312,0
7,site1,X25519MLKEM768,1790855886527212702,0
7,site2,X25519,1790855886572091226,0
7,site2,X25519MLKEM768,1790855886614724240,0
7,site3,X25519,1790855886657936900,0
7,site3,X25519MLKEM768,1790855886699780107,0
7,site4,X25519,1790855886742573398,0
7,site4,X25519MLKEM768,1790855886786474097,0
7,site5,X25519,1790855886829892710,0
7,site5,X25519MLKEM768,1790855886877070255,0
7,site6,X25519,1790855886922584451,0
7,site6,X25519MLKEM768,1790855886971105962,0
8,site1,X25519,1790855887022155541,0
8,site1,X25519MLKEM768,1790855887065920147,0
8,site2,X25519,1790855887109856813,0
8,site2,X25519MLKEM768,1790855887152477445,0
8,site3,X25519,1790855887194067632,0
8,site3,X25519MLKEM768,1790855887236598998,0
8,site4,X25519,1790855887278639101,0
8,site4,X25519MLKEM768,1790855887322644986,0
8,site5,X25519,1790855887366283358,0
8,site5,X25519MLKEM768,1790855887412760823,0
8,site6,X25519,1790855887458477235,0
8,site6,X25519MLKEM768,1790855887507022663,0
9,site1,X25519,1790855887556790280,0
9,site1,X25519MLKEM768,1790855887598544732,0
9,site2,X25519,1790855887640554820,0
9,site2,X25519MLKEM768,1790855887682501840,0
9,site3,X25519,1790855887724420968,0
9,site3,X25519MLKEM768,1790855887767683813,0
9,site4,X25519,1790855887809305679,0
9,site4,X25519MLKEM768,1790855887853036352,0
9,site5,X25519,1790855887895339644,0
9,site5,X25519MLKEM768,1790855887942171999,0
9,site6,X25519,1790855887987579237,0
9,site6,X25519MLKEM768,1790855888036809337,0
10,site1,X25519,1790855888086625335,0
10,site1,X25519MLKEM768,1790855888128717826,0
10,site2,X25519,1790855888170533764,0
10,site2,X25519MLKEM768,1790855888212979922,0
10,site3,X25519,1790855888255342385,0
10,site3,X25519MLKEM768,1790855888298413443,0
10,site4,X25519,1790855888341871662,0
10,site4,X25519MLKEM768,1790855888415208773,0
10,site5,X25519,1790855888457746441,0
10,site5,X25519MLKEM768,1790855888503988350,0
10,site6,X25519,1790855888550285893,0
10,site6,X25519MLKEM768,1790855888599307165,0
11,site1,X25519,1790855888650935209,0
11,site1,X25519MLKEM768,1790855888692872693,0
11,site2,X25519,1790855888735425409,0
11,site2,X25519MLKEM768,1790855888778975387,0
11,site3,X25519,1790855888822019506,0
11,site3,X25519MLKEM768,1790855888862993560,0
11,site4,X25519,1790855888905803624,0
11,site4,X25519MLKEM768,1790855888950763462,0
11,site5,X25519,1790855888993701043,0
11,site5,X25519MLKEM768,1790855889039481866,0
11,site6,X25519,1790855889085107862,0
11,site6,X25519MLKEM768,1790855889134078741,0
12,site1,X25519,1790855889183746615,0
12,site1,X25519MLKEM768,1790855889227905255,0
12,site2,X25519,1790855889270912116,0
12,site2,X25519MLKEM768,1790855889312861412,0
12,site3,X25519,1790855889354166010,0
12,site3,X25519MLKEM768,1790855889397188760,0
12,site4,X25519,1790855889439885685,0
12,site4,X25519MLKEM768,1790855889481663322,0
12,site5,X25519,1790855889524100745,0
12,site5,X25519MLKEM768,1790855889569705281,0
12,site6,X25519,1790855889614839774,0
12,site6,X25519MLKEM768,1790855889662906404,0
13,site1,X25519,1790855889712204651,0
13,site1,X25519MLKEM768,1790855889754372142,0
13,site2,X25519,1790855889796457060,0
13,site2,X25519MLKEM768,1790855889838106289,0
13,site3,X25519,1790855889879358690,0
13,site3,X25519MLKEM768,1790855889920895610,0
13,site4,X25519,1790855889963023227,0
13,site4,X25519MLKEM768,1790855890006008788,0
13,site5,X25519,1790855890049748962,0
13,site5,X25519MLKEM768,1790855890095049394,0
13,site6,X25519,1790855890141912970,0
13,site6,X25519MLKEM768,1790855890189448544,0
14,site1,X25519,1790855890238395439,0
14,site1,X25519MLKEM768,1790855890280464138,0
14,site2,X25519,1790855890322154784,0
14,site2,X25519MLKEM768,1790855890364477825,0
14,site3,X25519,1790855890405857023,0
14,site3,X25519MLKEM768,1790855890449664442,0
14,site4,X25519,1790855890491191804,0
14,site4,X25519MLKEM768,1790855890533590686,0
14,site5,X25519,1790855890577765287,0
14,site5,X25519MLKEM768,1790855890624248596,0
14,site6,X25519,1790855890668351574,0
14,site6,X25519MLKEM768,1790855890716337294,0
15,site1,X25519,1790855890764424363,0
15,site1,X25519MLKEM768,1790855890808349630,0
15,site2,X25519,1790855890850908459,0
15,site2,X25519MLKEM768,1790855890893563377,0
15,site3,X25519,1790855890933844855,0
15,site3,X25519MLKEM768,1790855890976571907,0
15,site4,X25519,1790855891018586505,0
15,site4,X25519MLKEM768,1790855891060688136,0
15,site5,X25519,1790855891103203545,0
15,site5,X25519MLKEM768,1790855891149450045,0
15,site6,X25519,1790855891195541728,0
15,site6,X25519MLKEM768,1790855891245604708,0
16,site1,X25519,1790855891296751131,0
16,site1,X25519MLKEM768,1790855891338128957,0
16,site2,X25519,1790855891381072281,0
16,site2,X25519MLKEM768,1790855891423454262,0
16,site3,X25519,1790855891466016839,0
16,site3,X25519MLKEM768,1790855891507744855,0
16,site4,X25519,1790855891550647694,0
16,site4,X25519MLKEM768,1790855891593687137,0
16,site5,X25519,1790855891636488908,0
16,site5,X25519MLKEM768,1790855891681795673,0
16,site6,X25519,1790855891728579111,0
16,site6,X25519MLKEM768,1790855891778392046,0
17,site1,X25519,1790855891830590283,0
17,site1,X25519MLKEM768,1790855891871671328,0
17,site2,X25519,1790855891914016741,0
17,site2,X25519MLKEM768,1790855891956993728,0
17,site3,X25519,1790855891998763822,0
17,site3,X25519MLKEM768,1790855892040417932,0
17,site4,X25519,1790855892082689940,0
17,site4,X25519MLKEM768,1790855892125766001,0
17,site5,X25519,1790855892168241057,0
17,site5,X25519MLKEM768,1790855892213773862,0
17,site6,X25519,1790855892259770599,0
17,site6,X25519MLKEM768,1790855892308641004,0
18,site1,X25519,1790855892357288977,0
18,site1,X25519MLKEM768,1790855892399452473,0
18,site2,X25519,1790855892440222832,0
18,site2,X25519MLKEM768,1790855892482062887,0
18,site3,X25519,1790855892526473979,0
18,site3,X25519MLKEM768,1790855892568642143,0
18,site4,X25519,1790855892610543603,0
18,site4,X25519MLKEM768,1790855892653268532,0
18,site5,X25519,1790855892696965277,0
18,site5,X25519MLKEM768,1790855892743478534,0
18,site6,X25519,1790855892790325881,0
18,site6,X25519MLKEM768,1790855892839627658,0
19,site1,X25519,1790855892888580927,0
19,site1,X25519MLKEM768,1790855892929713889,0
19,site2,X25519,1790855892971980907,0
19,site2,X25519MLKEM768,1790855893014901671,0
19,site3,X25519,1790855893057193126,0
19,site3,X25519MLKEM768,1790855893098604245,0
19,site4,X25519,1790855893141267200,0
19,site4,X25519MLKEM768,1790855893184220334,0
19,site5,X25519,1790855893226807167,0
19,site5,X25519MLKEM768,1790855893273913597,0
19,site6,X25519,1790855893318956183,0
19,site6,X25519MLKEM768,1790855893368135433,0
20,site1,X25519,1790855893418299913,0
20,site1,X25519MLKEM768,1790855893460504526,0
20,site2,X25519,1790855893505423482,0
20,site2,X25519MLKEM768,1790855893546248092,0
20,site3,X25519,1790855893589245358,0
20,site3,X25519MLKEM768,1790855893630760922,0
20,site4,X25519,1790855893672880116,0
20,site4,X25519MLKEM768,1790855893715646353,0
20,site5,X25519,1790855893758944979,0
20,site5,X25519MLKEM768,1790855893804280769,0
20,site6,X25519,1790855893850582985,0
20,site6,X25519MLKEM768,1790855893898460447,0
21,site1,X25519,1790855893947746715,0
21,site1,X25519MLKEM768,1790855893989800519,0
21,site2,X25519,1790855894032089470,0
21,site2,X25519MLKEM768,1790855894073306379,0
21,site3,X25519,1790855894114459220,0
21,site3,X25519MLKEM768,1790855894156046738,0
21,site4,X25519,1790855894197619588,0
21,site4,X25519MLKEM768,1790855894240608690,0
21,site5,X25519,1790855894282271067,0
21,site5,X25519MLKEM768,1790855894325255229,0
21,site6,X25519,1790855894368789594,0
21,site6,X25519MLKEM768,1790855894418322612,0
22,site1,X25519,1790855894466209853,0
22,site1,X25519MLKEM768,1790855894509290334,0
22,site2,X25519,1790855894550008417,0
22,site2,X25519MLKEM768,1790855894591119049,0
22,site3,X25519,1790855894634325264,0
22,site3,X25519MLKEM768,1790855894675834126,0
22,site4,X25519,1790855894718183328,0
22,site4,X25519MLKEM768,1790855894758998191,0
22,site5,X25519,1790855894801189771,0
22,site5,X25519MLKEM768,1790855894845815193,0
22,site6,X25519,1790855894890805552,0
22,site6,X25519MLKEM768,1790855894938672795,0
23,site1,X25519,1790855894986188366,0
23,site1,X25519MLKEM768,1790855895027326860,0
23,site2,X25519,1790855895069845719,0
23,site2,X25519MLKEM768,1790855895112651651,0
23,site3,X25519,1790855895156550614,0
23,site3,X25519MLKEM768,1790855895197479299,0
23,site4,X25519,1790855895239812041,0
23,site4,X25519MLKEM768,1790855895282680690,0
23,site5,X25519,1790855895324260985,0
23,site5,X25519MLKEM768,1790855895370749298,0
23,site6,X25519,1790855895414824589,0
23,site6,X25519MLKEM768,1790855895464011956,0
24,site1,X25519,1790855895513139962,0
24,site1,X25519MLKEM768,1790855895556420907,0
24,site2,X25519,1790855895598388832,0
24,site2,X25519MLKEM768,1790855895641451241,0
24,site3,X25519,1790855895683775619,0
24,site3,X25519MLKEM768,1790855895727339900,0
24,site4,X25519,1790855895768455581,0
24,site4,X25519MLKEM768,1790855895811250483,0
24,site5,X25519,1790855895852531993,0
24,site5,X25519MLKEM768,1790855895897766748,0
24,site6,X25519,1790855895943762325,0
24,site6,X25519MLKEM768,1790855895997104491,0
25,site1,X25519,1790855896046411151,0
25,site1,X25519MLKEM768,1790855896088201527,0
25,site2,X25519,1790855896130158953,0
25,site2,X25519MLKEM768,1790855896172736412,0
25,site3,X25519,1790855896214502864,0
25,site3,X25519MLKEM768,1790855896256056390,0
25,site4,X25519,1790855896297910705,0
25,site4,X25519MLKEM768,1790855896339916662,0
25,site5,X25519,1790855896384387999,0
25,site5,X25519MLKEM768,1790855896429784985,0
25,site6,X25519,1790855896477338338,0
25,site6,X25519MLKEM768,1790855896527514132,0
26,site1,X25519,1790855896578298797,0
26,site1,X25519MLKEM768,1790855896619660818,0
26,site2,X25519,1790855896662835426,0
26,site2,X25519MLKEM768,1790855896704779107,0
26,site3,X25519,1790855896747845183,0
26,site3,X25519MLKEM768,1790855896790075907,0
26,site4,X25519,1790855896833233925,0
26,site4,X25519MLKEM768,1790855896875696970,0
26,site5,X25519,1790855896920746191,0
26,site5,X25519MLKEM768,1790855896965106922,0
26,site6,X25519,1790855897014076435,0
26,site6,X25519MLKEM768,1790855897065955165,0
27,site1,X25519,1790855897114027602,0
27,site1,X25519MLKEM768,1790855897156203516,0
27,site2,X25519,1790855897197879590,0
27,site2,X25519MLKEM768,1790855897240950046,0
27,site3,X25519,1790855897283474577,0
27,site3,X25519MLKEM768,1790855897327618616,0
27,site4,X25519,1790855897370988598,0
27,site4,X25519MLKEM768,1790855897414309788,0
27,site5,X25519,1790855897456324713,0
27,site5,X25519MLKEM768,1790855897503878287,0
27,site6,X25519,1790855897550829201,0
27,site6,X25519MLKEM768,1790855897599900454,0
28,site1,X25519,1790855897651550408,0
28,site1,X25519MLKEM768,1790855897694914198,0
28,site2,X25519,1790855897737539717,0
28,site2,X25519MLKEM768,1790855897780549860,0
28,site3,X25519,1790855897822823625,0
28,site3,X25519MLKEM768,1790855897867800201,0
28,site4,X25519,1790855897909608722,0
28,site4,X25519MLKEM768,1790855897953032854,0
28,site5,X25519,1790855897995799315,0
28,site5,X25519MLKEM768,1790855898040203759,0
28,site6,X25519,1790855898086044782,0
28,site6,X25519MLKEM768,1790855898134191478,0
29,site1,X25519,1790855898183791064,0
29,site1,X25519MLKEM768,1790855898225839712,0
29,site2,X25519,1790855898268251003,0
29,site2,X25519MLKEM768,1790855898312503565,0
29,site3,X25519,1790855898356200034,0
29,site3,X25519MLKEM768,1790855898399786047,0
29,site4,X25519,1790855898443758990,0
29,site4,X25519MLKEM768,1790855898487567568,0
29,site5,X25519,1790855898530954862,0
29,site5,X25519MLKEM768,1790855898576410008,0
29,site6,X25519,1790855898623488070,0
29,site6,X25519MLKEM768,1790855898673000704,0
30,site1,X25519,1790855898722158799,0
30,site1,X25519MLKEM768,1790855898766257045,0
30,site2,X25519,1790855898808802315,0
30,site2,X25519MLKEM768,1790855898853529529,0
30,site3,X25519,1790855898895555735,0
30,site3,X25519MLKEM768,1790855898938408707,0
30,site4,X25519,1790855898982018324,0
30,site4,X25519MLKEM768,1790855899024612436,0
30,site5,X25519,1790855899065726377,0
30,site5,X25519MLKEM768,1790855899111576238,0
30,site6,X25519,1790855899157379111,0
30,site6,X25519MLKEM768,1790855899207136371,0
