idx,site,group,t_ns_wall,exit_code
1,site1,X25519,1790829147391072639,0
2,site1,X25519,1790829147518731943,0
3,site1,X25519,1790829147638632453,0
4,site1,X25519,1790829147755880488,0
5,site1,X25519,1790829147875708905,0
6,site1,X25519,1790829147991811620,0
7,site1,X25519,1790829148121074107,0
8,site1,X25519,1790829148241910220,0
9,site1,X25519,1790829148363035777,0
10,site1,X25519,1790829148477622919,0
11,site1,X25519,1790829148593900445,0
12,site1,X25519,1790829148712118225,0
13,site1,X25519,1790829148827715588,0
14,site1,X25519,1790829148949684609,0
15,site1,X25519,1790829149067585696,0
16,site1,X25519,1790829149184643168,0
17,site1,X25519,1790829149299797824,0
18,site1,X25519,1790829149413821047,0
19,site1,X25519,1790829149537574966,0
20,site1,X25519,1790829149661629037,0
21,site1,X25519,1790829149778625767,0
22,site1,X25519,1790829149899553960,0
23,site1,X25519,1790829150019986129,0
24,site1,X25519,1790829150136650146,0
25,site1,X25519,1790829150257153154,0
26,site1,X25519,1790829150371847614,0
27,site1,X25519,1790829150486597782,0
28,site1,X25519,1790829150609252877,0
29,site1,X25519,1790829150729246768,0
30,site1,X25519,1790829150853490127,0
1,site2,X25519,1790829150973650375,0
2,site2,X25519,1790829151094610505,0
3,site2,X25519,1790829151216000268,0
4,site2,X25519,1790829151335475463,0
5,site2,X25519,1790829151452462344,0
6,site2,X25519,1790829151568038716,0
7,site2,X25519,1790829151688801103,0
8,site2,X25519,1790829151805023125,0
9,site2,X25519,1790829151924480086,0
10,site2,X25519,1790829152040081966,0
11,site2,X25519,1790829152160363426,0
12,site2,X25519,1790829152280258293,0
13,site2,X25519,1790829152408035211,0
14,site2,X25519,1790829152528823615,0
15,site2,X25519,1790829152646619786,0
16,site2,X25519,1790829152763954137,0
17,site2,X25519,1790829152887832803,0
18,site2,X25519,1790829153008287843,0
19,site2,X25519,1790829153123372439,0
20,site2,X25519,1790829153244233426,0
21,site2,X25519,1790829153365611074,0
22,site2,X25519,1790829153485876674,0
23,site2,X25519,1790829153609992407,0
24,site2,X25519,1790829153726910771,0
25,site2,X25519,1790829153849176866,0
26,site2,X25519,1790829153965935476,0
27,site2,X25519,1790829154090245275,0
28,site2,X25519,1790829154210674617,0
29,site2,X25519,1790829154327268612,0
30,site2,X25519,1790829154448871786,0
1,site3,X25519,1790829154571665272,0
2,site3,X25519,1790829154693879251,0
3,site3,X25519,1790829154810841856,0
4,site3,X25519,1790829154932440471,0
5,site3,X25519,1790829155061493518,0
6,site3,X25519,1790829155175777488,0
7,site3,X25519,1790829155291948534,0
8,site3,X25519,1790829155412862608,0
9,site3,X25519,1790829155536950969,0
10,site3,X25519,1790829155656739188,0
11,site3,X25519,1790829155777756412,0
12,site3,X25519,1790829155903471089,0
13,site3,X25519,1790829156022186151,0
14,site3,X25519,1790829156142984251,0
15,site3,X25519,1790829156259770269,0
16,site3,X25519,1790829156377738175,0
17,site3,X25519,1790829156500974186,0
18,site3,X25519,1790829156625125101,0
19,site3,X25519,1790829156739972639,0
20,site3,X25519,1790829156858038525,0
21,site3,X25519,1790829156978593527,0
22,site3,X25519,1790829157097710639,0
23,site3,X25519,1790829157218900900,0
24,site3,X25519,1790829157337640397,0
25,site3,X25519,1790829157453663069,0
26,site3,X25519,1790829157573804548,0
27,site3,X25519,1790829157692737190,0
28,site3,X25519,1790829157817435985,0
29,site3,X25519,1790829157940689928,0
30,site3,X25519,1790829158061726406,0
1,site4,X25519,1790829158182929510,0
2,site4,X25519,1790829158298882774,0
3,site4,X25519,1790829158413287695,0
4,site4,X25519,1790829158526808227,0
5,site4,X25519,1790829158645913607,0
6,site4,X25519,1790829158769396060,0
7,site4,X25519,1790829158888857857,0
8,site4,X25519,1790829159005831890,0
9,site4,X25519,1790829159124637278,0
10,site4,X25519,1790829159239001183,0
11,site4,X25519,1790829159354223599,0
12,site4,X25519,1790829159474396525,0
13,site4,X25519,1790829159593989373,0
14,site4,X25519,1790829159708912077,0
15,site4,X25519,1790829159823569964,0
16,site4,X25519,1790829159938095727,0
17,site4,X25519,1790829160053975084,0
18,site4,X25519,1790829160173608516,0
19,site4,X25519,1790829160292408632,0
20,site4,X25519,1790829160412526987,0
21,site4,X25519,1790829160527034767,0
22,site4,X25519,1790829160643713997,0
23,site4,X25519,1790829160763634217,0
24,site4,X25519,1790829160888771017,0
25,site4,X25519,1790829161008012957,0
26,site4,X25519,1790829161121619987,0
27,site4,X25519,1790829161240482648,0
28,site4,X25519,1790829161356232846,0
29,site4,X25519,1790829161475899749,0
30,site4,X25519,1790829161592657874,0
1,site5,X25519,1790829161708361696,0
2,site5,X25519,1790829161825762555,0
3,site5,X25519,1790829161943868963,0
4,site5,X25519,1790829162059396941,0
5,site5,X25519,1790829162175483989,0
6,site5,X25519,1790829162290631897,0
7,site5,X25519,1790829162414738107,0
8,site5,X25519,1790829162533746727,0
9,site5,X25519,1790829162656781373,0
10,site5,X25519,1790829162777914236,0
11,site5,X25519,1790829162899692938,0
12,site5,X25519,1790829163018725082,0
13,site5,X25519,1790829163139561608,0
14,site5,X25519,1790829163261464930,0
15,site5,X25519,1790829163381169551,0
16,site5,X25519,1790829163497615790,0
17,site5,X25519,1790829163621407741,0
18,site5,X25519,1790829163740778698,0
19,site5,X25519,1790829163864539681,0
20,site5,X25519,1790829163980364586,0
21,site5,X25519,1790829164100821553,0
22,site5,X25519,1790829164224332165,0
23,site5,X25519,1790829164342969630,0
24,site5,X25519,1790829164458660176,0
25,site5,X25519,1790829164573086614,0
26,site5,X25519,1790829164688024444,0
27,site5,X25519,1790829164801355183,0
28,site5,X25519,1790829164914512323,0
29,site5,X25519,1790829165026525315,0
30,site5,X25519,1790829165139156806,0
1,site6,X25519,1790829165253789142,0
2,site6,X25519,1790829165368181106,0
3,site6,X25519,1790829165483200475,0
4,site6,X25519,1790829165598536198,0
5,site6,X25519,1790829165715015977,0
6,site6,X25519,1790829165833714625,0
7,site6,X25519,1790829165952653404,0
8,site6,X25519,1790829166075125773,0
9,site6,X25519,1790829166198556356,0
10,site6,X25519,1790829166326744934,0
11,site6,X25519,1790829166455620798,0
12,site6,X25519,1790829166583584012,0
13,site6,X25519,1790829166707930633,0
14,site6,X25519,1790829166830324787,0
15,site6,X25519,1790829166958065630,0
16,site6,X25519,1790829167078492641,0
17,site6,X25519,1790829167194989701,0
18,site6,X25519,1790829167312000999,0
19,site6,X25519,1790829167432474766,0
20,site6,X25519,1790829167546364323,0
21,site6,X25519,1790829167663944699,0
22,site6,X25519,1790829167781577201,0
23,site6,X25519,1790829167904004646,0
24,site6,X25519,1790829168023895328,0
25,site6,X25519,1790829168140412155,0
26,site6,X25519,1790829168258348136,0
27,site6,X25519,1790829168380900831,0
28,site6,X25519,1790829168501575216,0
29,site6,X25519,1790829168622945433,0
30,site6,X25519,1790829168740463915,0
